,Similarity,Popelka,Similarity * Popelka,Pes fotbalista,Similarity * Pes fotbalista,Superman,Similarity * Superman
Jakub,0.66284898035987,3.0,1.9885469410796102,3.0,1.9885469410796102,,
Filip,-1.0,2.5,-2.5,4.0,-4.0,,
Karel,0.8934051474415647,,,4.5,4.020323163487041,3.0,2.680215442324694
Viktorie,0.9244734516419049,3.0,2.7734203549257144,3.0,2.7734203549257144,2.0,1.8489469032838097
Martin,0.9912407071619299,2.5,2.4781017679048247,3.0,2.97372212148579,3.0,2.97372212148579
Miroslava,0.38124642583151164,3.0,1.143739277494535,3.0,1.143739277494535,1.5,0.5718696387472675
Total,2.8532147124367815,,5.883808341404684,,8.89975185847269,,8.074754105841562
Mean,,,0.9806347235674474,,1.483291976412115,,1.3457923509735936
