,Similarity,Popelka,Similarity * Popelka,Pes fotbalista,Similarity * Pes fotbalista,Superman,Similarity * Superman
Jakub,0.11764705882352941,3.0,0.3529411764705882,3.0,0.3529411764705882,,
Filip,0.2857142857142857,2.5,0.7142857142857142,4.0,1.1428571428571428,,
Karel,0.23529411764705882,,,4.5,1.0588235294117647,3.0,0.7058823529411764
Viktorie,0.3076923076923077,3.0,0.9230769230769231,3.0,0.9230769230769231,2.0,0.6153846153846154
Martin,0.2222222222222222,2.5,0.5555555555555556,3.0,0.6666666666666666,3.0,0.6666666666666666
Miroslava,0.10810810810810811,3.0,0.32432432432432434,3.0,0.32432432432432434,1.5,0.16216216216216217
Total,1.2766781002075118,,2.8701836937131056,,4.4686897628074105,,2.150095797154621
Mean,,,0.47836394895218426,,0.7447816271345684,,0.35834929952577016
