,Similarity,Supersmradi II,Similarity * Supersmradi II,Superman,Similarity * Superman
Jakub,0.13483997249264842,3.5,0.47193990372426947,,
Eva,-1.0,1.0,-1.0,,
Karel,1.0,2.5,2.5,3.0,3.0
Viktorie,-0.2581988897471611,2.0,-0.5163977794943222,2.0,-0.5163977794943222
Martin,0.40451991747794525,2.5,1.0112997936948631,3.0,1.2135597524338357
Miroslava,0.20459830184114206,3.5,0.7160940564439972,1.5,0.3068974527617131
Total,0.4857593020645746,,3.1829359743688075,,4.004059425701227
Mean,,,0.530489329061468,,0.6673432376168712
