,Similarity,Superman,Similarity * Superman
Eva,0.66284898035987,,
Filip,0.13483997249264842,,
Karel,0.02857142857142857,3.0,0.08571428571428572
Viktorie,0.21128856368212925,2.0,0.4225771273642585
Martin,0.7470178808339965,3.0,2.2410536425019894
Miroslava,0.963795681875635,1.5,1.4456935228134524
Total,2.748362507815708,,4.195038578393985
Mean,,,0.6991730963989976
