,Similarity,Popelka,Similarity * Popelka
Jakub,0.02857142857142857,3.0,0.08571428571428572
Eva,0.8934051474415647,,
Filip,1.0,2.5,2.5
Viktorie,0.5669467095138411,3.0,1.700840128541523
Martin,0.5669467095138396,2.5,1.417366773784599
Miroslava,0.31497039417435607,3.0,0.9449111825230683
Total,3.3708403892150303,,6.6488323705634755
Mean,,,1.108138728427246
